{"train_loss": [394.14885475568457, 327.0936365151954, 265.3947937323919, 211.64314937347646, 167.19148348054617, 131.918933897677, 104.62582984787728, 83.69982094532999, 67.62494562836864, 55.1727451704957, 45.42539622899516, 37.70993170774806, 31.54518534765219, 26.572600279317793, 22.532221674614245, 19.226309817770254, 16.505142470454924, 14.256039319440836, 12.389307673325014, 10.833052279089419, 9.53126760029122, 8.438774113764849, 7.5190517640174805, 6.7427450567865, 6.083974857769354, 5.5247425533011745, 5.047391307323485, 4.639690277216684, 4.28869791226009, 3.985350430773957], "classification_loss": [1.710214004492211, 1.4607060958662301, 1.3498775760840882, 1.276471488920929, 1.2210694760312815, 1.1831154756228943, 1.1583284165548242, 1.1395426352920435, 1.1273719337590211, 1.1174470603923359, 1.1113284535115333, 1.102867100854664, 1.0979801260906716, 1.092213767416337, 1.087453625238765, 1.0812616200398302, 1.0739268950184289, 1.067393518012503, 1.0611000178415146, 1.053948363074866, 1.0458133191708714, 1.0372070850008894, 1.0287450898029005, 1.0204477371157283, 1.010997188670556, 1.0027701403478833, 0.9938417106028408, 0.9858133073353097, 0.977041611738522, 0.9674955777195103], "sparsity_loss": [784877.2460038363, 651265.8281649617, 528089.8076246803, 420733.33471867006, 331940.8111413043, 261471.624560422, 206934.99344629157, 165120.54831361893, 132995.14178388746, 108110.59105258952, 88628.13127397698, 73214.1259790601, 60894.40766863811, 50960.770700127876, 42889.53410725703, 36290.09464913683, 30862.429782408886, 26377.290271339512, 22656.414237332163, 19558.206926350704, 16970.907731078165, 14803.133366967711, 12980.61274926071, 11444.594112152334, 10145.954870824009, 9043.94436840633, 8107.098772678229, 7307.753592800911, 6623.3122827086, 6035.709416460199], "accuracy": [45.6, 49.45, 51.09, 52.0, 53.98, 53.79, 55.0, 54.45, 55.03, 55.33, 54.17, 55.02, 55.37, 55.8, 55.99, 55.65, 55.8, 56.03, 55.47, 55.56, 55.62, 55.54, 55.78, 55.85, 55.64, 55.95, 56.08, 56.0, 55.86, 56.15], "sparsity": [0.001816587908790879, 0.004922367236723672, 0.01412250600060006, 0.03422217221722172, 0.07905087383738374, 0.16460630438043805, 0.3169652902790279, 0.5882814843984399, 1.0111948694869486, 1.6798750187518752, 2.6976916441644163, 4.1833675555055505, 6.314635369786979, 9.239986498649865, 13.213684649714972, 18.383693838133812, 24.932903446594658, 32.989705220522055, 42.61363636363637, 53.515273402340235, 65.02617058580859, 75.9879894239424, 84.80353894764477, 90.24615352160217, 92.92896086483648, 94.28331505025503, 95.10535037878788, 95.67265320282029, 96.09380859960996, 96.42864677092709]}