{"train_loss": [9.593609178157719, 8.171334466665908, 7.071417274377535, 6.184734529851343, 5.479238166223706, 4.919166171032449, 4.4709311092601105, 4.110984451630536, 3.8159016477482397, 3.569121975423125, 3.3569701815505164, 3.1755472290546387, 3.012896604855042, 2.8671182897084813, 2.7367030293740275, 2.618905335131204, 2.5135919608728354, 2.4124100153403516, 2.3234871025280572, 2.2401968499888545, 2.162204885116928, 2.0887143471661735, 2.021286945513752, 1.9552218112189446, 1.8976901476950292, 1.8468809313786305, 1.7904443118883215, 1.7465812205658544, 1.6998226883466288, 1.6566829986279579], "classification_loss": [1.7103199824652708, 1.456552713728317, 1.3341349454791955, 1.239918640659898, 1.1604246222759451, 1.088107757251281, 1.0196193266097846, 0.9580507164111223, 0.9003501113723306, 0.8453397258468296, 0.7906078542284953, 0.7404735556343938, 0.6889523062712092, 0.6382952856133356, 0.5905966363904421, 0.5452781174798755, 0.50423594371742, 0.46071571233632314, 0.42399935694911595, 0.38832464326373145, 0.3540905512049985, 0.3210040627766753, 0.29120058655891273, 0.26035395302735936, 0.23611824702271414, 0.2168890568987488, 0.19054214684935786, 0.17545432540233177, 0.15624929194712578, 0.13953998834466386], "sparsity_loss": [788328.939258312, 671478.191016624, 573728.2484015345, 494481.6015824808, 431881.3683663683, 383105.8517423274, 345131.189258312, 315293.38147378515, 291555.16024616366, 272378.2320971867, 256636.2389306266, 243507.37372122763, 232394.43562180307, 222882.30594629157, 214610.64482097188, 207362.72670236573, 200935.60645780052, 195169.4356617647, 189948.77933184142, 185187.22562340152, 180811.437939578, 176771.03316815858, 173008.639745844, 169486.78976182864, 166157.19453324808, 162999.19133631713, 159990.2208280051, 157112.69321451406, 154357.34339034528, 151714.30494725064], "accuracy": [45.7, 49.46, 52.25, 53.68, 53.52, 54.58, 56.01, 55.29, 55.71, 55.61, 55.53, 56.01, 56.19, 55.2, 55.77, 56.14, 55.78, 55.46, 55.64, 55.34, 55.57, 54.86, 54.9, 54.57, 54.64, 54.76, 53.8, 54.46, 54.17, 54.14], "sparsity": [0.0009375937593759376, 0.003047179717971797, 0.007617949294929493, 0.016876687668766877, 0.035276965196519655, 0.0675653502850285, 0.11825401290129013, 0.195546898439844, 0.30149499324932494, 0.44723222322232226, 0.6488734810981098, 0.901144801980198, 1.2348109810981098, 1.6435432605760576, 2.135721384638464, 2.7283978397839785, 3.429893770627063, 4.24272896039604, 5.162039641464147, 6.212144651965197, 7.34716049729973, 8.524426661416141, 9.70802158340834, 10.886166741674167, 12.010458858385839, 13.134985373537354, 14.219136757425742, 15.2850050630063, 16.319463977647764, 17.325853679117913]}