{"train_loss": [80.22417286046021, 66.70955568201401, 54.43102740509735, 43.81806281399544, 35.10557868840444, 28.230760140187297, 22.935090974773594, 18.88323063862598, 15.777424485482218, 13.367147787147776, 11.48041275395152, 9.98370398889722, 8.783189324771657, 7.807232416499302, 7.007608199058591, 6.3453954150304765, 5.792213741165902, 5.324073509791928, 4.928147297686018, 4.586390585545689, 4.292538483124559, 4.037559948308998, 3.813610021415574, 3.6149103263454974, 3.4392100478072303, 3.2831405550622574, 3.142098300597247, 3.015400970683378, 2.900654265947659, 2.794173404078959], "classification_loss": [1.7012517790660224, 1.458234285454616, 1.3425208967360085, 1.2591675962023723, 1.1945600470008753, 1.1396108173653292, 1.0961634336834978, 1.0568917828142796, 1.0247194503274415, 0.990082163792437, 0.9606754537433615, 0.9332262064184984, 0.9066702818016872, 0.8787579807783942, 0.8527918098222874, 0.8283446297011412, 0.8045542923080952, 0.7795744518489789, 0.7576003502244535, 0.7338051602358708, 0.7123893864471894, 0.6921937721007315, 0.6717461955059519, 0.650570489637687, 0.6306129618526419, 0.6119286151188413, 0.5928938520686401, 0.5750709098318348, 0.5579262291226545, 0.5394555631348544], "sparsity_loss": [785229.229859335, 652513.2303388746, 530885.077685422, 425588.96219629154, 339110.1954124041, 270911.49984015344, 218389.2814498082, 178263.3933423913, 147527.05438778774, 123770.6593869885, 105197.37579923273, 90504.77977141943, 78765.19243526214, 69284.74605378836, 61548.165361253195, 55170.50936101343, 49876.59575807225, 45444.991787883635, 41705.470348465475, 38525.855268941814, 35801.491857816494, 33453.66256393862, 31418.6389965633, 29643.399076886188, 28085.97156230019, 26712.119924872124, 25492.045076726343, 24403.301230818415, 23427.281075167837, 22547.179038123402], "accuracy": [46.7, 49.45, 51.62, 53.29, 53.93, 55.06, 55.12, 55.42, 55.91, 56.74, 56.28, 56.11, 56.4, 56.53, 56.67, 56.21, 56.75, 56.57, 56.97, 56.69, 56.83, 56.36, 56.09, 56.28, 56.34, 56.08, 56.34, 56.01, 56.21, 56.21], "sparsity": [0.001171992199219922, 0.004687968796879688, 0.013243511851185118, 0.03428077182718272, 0.07401130738073808, 0.15722275352535253, 0.2917088583858386, 0.5244665091509151, 0.8881942881788178, 1.4293030865586558, 2.221101016351635, 3.3513116936693668, 4.872733367086709, 6.880824801230123, 9.445788328832883, 12.656636757425742, 16.564175948844884, 21.217453776627664, 26.590862211221122, 32.5193847509751, 38.875801642664264, 45.169048154815485, 50.89270645814582, 55.54727347734774, 59.137202782778274, 61.89021245874587, 64.1248499849985, 65.95315781578158, 67.52743633738373, 68.90599216171617]}