{"train_loss": [786.1782460712716, 652.3270591482177, 529.0235975026475, 421.531322664617, 332.5832733388447, 261.9565869109405, 207.2851606988541, 165.3545788621049, 133.13544503136364, 108.1713973530723, 88.62200381383872, 73.14384817528298, 60.76538450821586, 50.7745715090076, 42.649809327576776, 35.99595421598391, 30.51666068542949, 25.98262695644213, 22.21553894686882, 19.074559872717504, 16.449031249336574, 14.248993988232234, 12.401232748690164, 10.846814784857319, 9.53541669089471, 8.428637870437349, 7.492497796597688, 6.6991661076655475, 6.024160885140109, 5.450653188368854], "classification_loss": [1.7055940817079276, 1.4642885459963317, 1.353558438208402, 1.281125897336799, 1.2319466009774171, 1.1993862573448044, 1.1841628069767867, 1.1723017720005395, 1.167874304839717, 1.1657925024056983, 1.1668816442074983, 1.16844264000578, 1.1714952758815893, 1.1731431450685272, 1.176826381622373, 1.1786358194887792, 1.179930100965378, 1.181011255744778, 1.180919028304117, 1.1792863628748433, 1.1779952098036666, 1.1761470296803642, 1.1728551637791003, 1.1696273166200388, 1.1651955975595947, 1.1606609379239095, 1.1561420986719448, 1.1510876478136653, 1.1448132910996751, 1.138925102360718], "sparsity_loss": [784472.6122122762, 650862.7384910486, 527670.014306266, 420250.17647058825, 331351.311620844, 260757.18809942456, 206100.98797154732, 164182.26978101023, 131967.56447810103, 107005.5997242647, 87455.1182664642, 71975.4024536445, 59593.886518941814, 49601.42615089514, 41472.9808983376, 34817.3168408328, 29336.729100063938, 24801.614500079922, 21034.618845907928, 17895.272653252876, 15271.035298613331, 13072.846345008791, 11228.377040541081, 9677.187030450767, 8370.220641933744, 7267.976572490409, 6336.355401314738, 5548.078203674472, 4879.347376518542, 4311.72788622922], "accuracy": [45.98, 49.37, 52.08, 52.86, 53.45, 53.18, 54.31, 54.2, 54.63, 54.53, 54.51, 54.39, 54.49, 54.34, 54.69, 54.33, 54.29, 54.4, 53.87, 54.33, 54.78, 54.32, 54.01, 54.28, 54.41, 54.7, 54.77, 54.56, 54.58, 54.66], "sparsity": [0.001171992199219922, 0.0038675742574257425, 0.011837121212121212, 0.03275718196819682, 0.07272211596159615, 0.15892214221422143, 0.31591049729973, 0.584999906240624, 1.0192230160516051, 1.7017326732673268, 2.734492199219922, 4.264762413741374, 6.466291160366037, 9.512416085358536, 13.673925986348635, 19.16722922292229, 26.23363898889889, 35.01672432868287, 45.56383372712271, 57.58085574182418, 70.31214840234023, 82.14680843084308, 91.21445347659765, 96.11004069156915, 97.86785319156915, 98.43632800780078, 98.69539688343835, 98.86334336558656, 98.98013238823883, 99.07066878562857]}