{"train_loss": [1571.4846715902734, 1303.8600590308304, 1057.1500637512988, 842.0149231737532, 663.9550366023617, 522.5570901153643, 413.0758492160026, 329.1094753723925, 264.5809508809043, 214.5776277039667, 175.41503539414663, 144.40541377152934, 119.59921200257128, 99.57296881712305, 83.27873770477217, 69.93081600647753, 58.93206321735821, 49.82550944452701, 42.25481907486001, 35.939380918927206, 30.656541619459382, 26.225446588852826, 22.50251630505028, 19.36974073249056, 16.729494326559784, 14.502304562522323, 12.621079964406045, 11.03068734190958, 9.684779625719466, 8.545417612470935], "classification_loss": [1.7041767981960951, 1.4621038321034072, 1.3555550471596096, 1.2879769311231726, 1.240742603836157, 1.2170759919659255, 1.2051727649805797, 1.2029528913595486, 1.2056418026194853, 1.2102715216024453, 1.2174019377554774, 1.2257285374204825, 1.2358124234792216, 1.2440907979560325, 1.2517044632636067, 1.2593071262549866, 1.2649169913338274, 1.2691910080897533, 1.2722103309143535, 1.27442926092221, 1.276958172888402, 1.2762363231395517, 1.2754590685105385, 1.2743065829777047, 1.2719431149075404, 1.269599623387427, 1.2662146695129706, 1.2626784594772418, 1.2589505889531596, 1.255376240176618], "sparsity_loss": [784890.2098785166, 651198.9464514067, 527897.2276214834, 420363.4527653453, 331357.13195332483, 260669.99436540922, 205935.32820492328, 163953.25351662404, 131687.64815776853, 106683.67291400256, 87098.81269980819, 71589.83960398017, 59181.69699088875, 49164.43666080563, 41013.514476102944, 34335.752692415284, 28833.571761109335, 24278.158013307224, 20491.303413722828, 17332.47505145061, 14689.79103810342, 12474.604537144342, 10613.528105518702, 9047.716617047634, 7728.775248261669, 6616.352151934143, 5677.432388656889, 4884.0042009670715, 4212.914329119046, 3645.0205128077046], "accuracy": [45.53, 50.17, 51.9, 53.11, 53.34, 54.12, 53.99, 54.39, 53.47, 54.16, 54.0, 53.75, 53.4, 52.94, 53.62, 53.22, 53.26, 53.12, 52.7, 52.8, 52.69, 53.02, 52.67, 52.89, 52.58, 52.77, 52.62, 52.77, 52.62, 52.99], "sparsity": [0.0009375937593759376, 0.004160572307230723, 0.013184912241224122, 0.03439797104710471, 0.07940247149714971, 0.16654009150915092, 0.315793298079808, 0.5825973222322233, 1.0193402152715272, 1.7039594584458446, 2.7460949219921993, 4.290663441344134, 6.524363373837383, 9.621645758325833, 13.844450851335134, 19.45055833708371, 26.628893358085808, 35.655225678817885, 46.57315340909091, 59.08797911041104, 72.29545220147014, 84.5716602910291, 93.62283884638464, 98.08537494374437, 99.3252840909091, 99.55962393114311, 99.6323460471047, 99.67483076432643, 99.70547836033603, 99.72862520627062]}